[
  {
    "forward_time_mean": 0.012392894830554724,
    "forward_time_std": 0.0030901660958103537,
    "forward_time_min": 0.010339293163269758,
    "forward_time_max": 0.018443568143993616,
    "sparsify_time_mean": 0.00046746274456381797,
    "sparsify_time_std": 7.583946026240877e-05,
    "sparsify_time_min": 0.0003928299993276596,
    "sparsify_time_max": 0.0006043971516191959,
    "total_time_mean": 0.012860357575118542,
    "total_time_std": 0.0030672484122522235,
    "total_time_min": 0.0107513009570539,
    "total_time_max": 0.018836398143321276,
    "mse_mean": 0.18074439465999603,
    "mse_std": 0.0,
    "mse_min": 0.18074439465999603,
    "mse_max": 0.18074439465999603,
    "mae_mean": 0.3275081515312195,
    "mae_std": 0.0,
    "mae_min": 0.3275081515312195,
    "mae_max": 0.3275081515312195,
    "cosine_dist_mean": 0.29429149627685547,
    "cosine_dist_std": 0.0,
    "cosine_dist_min": 0.29429149627685547,
    "cosine_dist_max": 0.29429149627685547,
    "sparsity_fraction_mean": 0.984375,
    "sparsity_fraction_std": 0.0,
    "sparsity_fraction_min": 0.984375,
    "sparsity_fraction_max": 0.984375,
    "nonzero_elements_mean": 120.0,
    "nonzero_elements_std": 0.0,
    "nonzero_elements_min": 120,
    "nonzero_elements_max": 120,
    "memory_savings_ratio_mean": 0.9673177083333332,
    "memory_savings_ratio_std": 1.1102230246251565e-16,
    "memory_savings_ratio_min": 0.9673177083333333,
    "memory_savings_ratio_max": 0.9673177083333333,
    "compression_ratio_mean": 30.59760956175299,
    "compression_ratio_std": 0.0,
    "compression_ratio_min": 30.59760956175299,
    "compression_ratio_max": 30.59760956175299,
    "preset_name": "topk_aggressive",
    "description": "Top-K 5% (aggressive sparsity, 90% reduction)",
    "mode": "topk",
    "config": {
      "k": 12,
      "renorm": true
    },
    "memory_info": {
      "allocated_mb": 426.8544921875,
      "reserved_mb": 476.0,
      "max_allocated_mb": 432.09716796875
    }
  },
  {
    "forward_time_mean": 0.0176054616458714,
    "forward_time_std": 0.005565290620656553,
    "forward_time_min": 0.010130818001925945,
    "forward_time_max": 0.023400220088660717,
    "sparsify_time_mean": 0.00040197912603616713,
    "sparsify_time_std": 5.56822866333805e-05,
    "sparsify_time_min": 0.0003303880803287029,
    "sparsify_time_max": 0.000501902773976326,
    "total_time_mean": 0.01800744077190757,
    "total_time_std": 0.005602328076698688,
    "total_time_min": 0.010461206082254648,
    "total_time_max": 0.023902122862637043,
    "mse_mean": 0.14511463046073914,
    "mse_std": 0.0,
    "mse_min": 0.14511463046073914,
    "mse_max": 0.14511463046073914,
    "mae_mean": 0.30518314242362976,
    "mae_std": 0.0,
    "mae_min": 0.30518314242362976,
    "mae_max": 0.30518314242362976,
    "cosine_dist_mean": 0.2362784743309021,
    "cosine_dist_std": 0.0,
    "cosine_dist_min": 0.2362784743309021,
    "cosine_dist_max": 0.2362784743309021,
    "sparsity_fraction_mean": 0.9583333333333334,
    "sparsity_fraction_std": 0.0,
    "sparsity_fraction_min": 0.9583333333333334,
    "sparsity_fraction_max": 0.9583333333333334,
    "nonzero_elements_mean": 320.0,
    "nonzero_elements_std": 0.0,
    "nonzero_elements_min": 320,
    "nonzero_elements_max": 320,
    "memory_savings_ratio_mean": 0.915234375,
    "memory_savings_ratio_std": 0.0,
    "memory_savings_ratio_min": 0.915234375,
    "memory_savings_ratio_max": 0.915234375,
    "compression_ratio_mean": 11.797235023041475,
    "compression_ratio_std": 0.0,
    "compression_ratio_min": 11.797235023041475,
    "compression_ratio_max": 11.797235023041475,
    "preset_name": "topk_moderate",
    "description": "Top-K 25% (balanced sparsity/quality)",
    "mode": "topk",
    "config": {
      "k": 32,
      "renorm": true
    },
    "memory_info": {
      "allocated_mb": 427.7294921875,
      "reserved_mb": 476.0,
      "max_allocated_mb": 432.97216796875
    }
  },
  {
    "forward_time_mean": 0.014318264182657003,
    "forward_time_std": 0.004641193377205097,
    "forward_time_min": 0.010062824003398418,
    "forward_time_max": 0.021020442713052034,
    "sparsify_time_mean": 0.00042506055906414985,
    "sparsify_time_std": 5.9685177334145044e-05,
    "sparsify_time_min": 0.0003400570712983608,
    "sparsify_time_max": 0.0004821247421205044,
    "total_time_mean": 0.014743324741721154,
    "total_time_std": 0.004686942205358656,
    "total_time_min": 0.01040288107469678,
    "total_time_max": 0.02150256745517254,
    "mse_mean": 0.11205269396305084,
    "mse_std": 0.0,
    "mse_min": 0.11205269396305084,
    "mse_max": 0.11205269396305084,
    "mae_mean": 0.27393704652786255,
    "mae_std": 0.0,
    "mae_min": 0.27393704652786255,
    "mae_max": 0.27393704652786255,
    "cosine_dist_mean": 0.18244647979736328,
    "cosine_dist_std": 0.0,
    "cosine_dist_min": 0.18244647979736328,
    "cosine_dist_max": 0.18244647979736328,
    "sparsity_fraction_mean": 0.9166666666666666,
    "sparsity_fraction_std": 0.0,
    "sparsity_fraction_min": 0.9166666666666666,
    "sparsity_fraction_max": 0.9166666666666666,
    "nonzero_elements_mean": 640.0,
    "nonzero_elements_std": 0.0,
    "nonzero_elements_min": 640,
    "nonzero_elements_max": 640,
    "memory_savings_ratio_mean": 0.8319010416666666,
    "memory_savings_ratio_std": 1.1102230246251565e-16,
    "memory_savings_ratio_min": 0.8319010416666667,
    "memory_savings_ratio_max": 0.8319010416666667,
    "compression_ratio_mean": 5.948876839659179,
    "compression_ratio_std": 0.0,
    "compression_ratio_min": 5.948876839659179,
    "compression_ratio_max": 5.948876839659179,
    "preset_name": "topk_conservative",
    "description": "Top-K 50% (conservative, high quality)",
    "mode": "topk",
    "config": {
      "k": 64,
      "renorm": true
    },
    "memory_info": {
      "allocated_mb": 427.7294921875,
      "reserved_mb": 476.0,
      "max_allocated_mb": 432.97216796875
    }
  },
  {
    "forward_time_mean": 0.01160876527428627,
    "forward_time_std": 0.0020903864101382242,
    "forward_time_min": 0.010241326875984669,
    "forward_time_max": 0.015746233984827995,
    "sparsify_time_mean": 0.00021619461476802827,
    "sparsify_time_std": 3.194300797698757e-05,
    "sparsify_time_min": 0.00016606226563453674,
    "sparsify_time_max": 0.0002484116703271866,
    "total_time_mean": 0.011824959889054298,
    "total_time_std": 0.0021091241238917736,
    "total_time_min": 0.010407389141619205,
    "total_time_max": 0.015994645655155182,
    "mse_mean": 0.05408992990851402,
    "mse_std": 0.0,
    "mse_min": 0.05408992990851402,
    "mse_max": 0.05408992990851402,
    "mae_mean": 0.1870129257440567,
    "mae_std": 0.0,
    "mae_min": 0.1870129257440567,
    "mae_max": 0.1870129257440567,
    "cosine_dist_mean": 0.08807027339935303,
    "cosine_dist_std": 0.0,
    "cosine_dist_min": 0.08807027339935303,
    "cosine_dist_max": 0.08807027339935303,
    "sparsity_fraction_mean": 0.780859375,
    "sparsity_fraction_std": 0.0,
    "sparsity_fraction_min": 0.780859375,
    "sparsity_fraction_max": 0.780859375,
    "nonzero_elements_mean": 1683.0,
    "nonzero_elements_std": 0.0,
    "nonzero_elements_min": 1683,
    "nonzero_elements_max": 1683,
    "memory_savings_ratio_mean": 0.5602864583333333,
    "memory_savings_ratio_std": 0.0,
    "memory_savings_ratio_min": 0.5602864583333333,
    "memory_savings_ratio_max": 0.5602864583333333,
    "compression_ratio_mean": 2.27420787681374,
    "compression_ratio_std": 0.0,
    "compression_ratio_min": 2.27420787681374,
    "compression_ratio_max": 2.27420787681374,
    "preset_name": "threshold",
    "description": "Absolute threshold 0.5 (37.5% sparse from demo)",
    "mode": "threshold",
    "config": {
      "threshold": 0.5,
      "renorm": true
    },
    "memory_info": {
      "allocated_mb": 427.7294921875,
      "reserved_mb": 476.0,
      "max_allocated_mb": 432.97216796875
    }
  },
  {
    "forward_time_mean": 0.01692652553319931,
    "forward_time_std": 0.006552274458262675,
    "forward_time_min": 0.010944684967398643,
    "forward_time_max": 0.025704492814838886,
    "sparsify_time_mean": 0.00043620476499199866,
    "sparsify_time_std": 0.00010706677278066003,
    "sparsify_time_min": 0.00031930720433592796,
    "sparsify_time_max": 0.0006210063584148884,
    "total_time_mean": 0.01736273029819131,
    "total_time_std": 0.0066450936206066446,
    "total_time_min": 0.01128677511587739,
    "total_time_max": 0.026325499173253775,
    "mse_mean": 0.20487432181835175,
    "mse_std": 0.0,
    "mse_min": 0.20487432181835175,
    "mse_max": 0.20487432181835175,
    "mae_mean": 0.3360089361667633,
    "mae_std": 0.0,
    "mae_min": 0.3360089361667633,
    "mae_max": 0.3360089361667633,
    "cosine_dist_mean": 0.33358049392700195,
    "cosine_dist_std": 0.0,
    "cosine_dist_min": 0.33358049392700195,
    "cosine_dist_max": 0.33358049392700195,
    "sparsity_fraction_mean": 0.9899739583333333,
    "sparsity_fraction_std": 0.0,
    "sparsity_fraction_min": 0.9899739583333333,
    "sparsity_fraction_max": 0.9899739583333333,
    "nonzero_elements_mean": 77.0,
    "nonzero_elements_std": 0.0,
    "nonzero_elements_min": 77,
    "nonzero_elements_max": 77,
    "memory_savings_ratio_mean": 0.978515625,
    "memory_savings_ratio_std": 0.0,
    "memory_savings_ratio_min": 0.978515625,
    "memory_savings_ratio_max": 0.978515625,
    "compression_ratio_mean": 46.54545454545455,
    "compression_ratio_std": 0.0,
    "compression_ratio_min": 46.54545454545455,
    "compression_ratio_max": 46.54545454545455,
    "preset_name": "adaptive",
    "description": "Adaptive 30% (59.2% sparse from demo)",
    "mode": "adaptive_threshold",
    "config": {
      "alpha": 0.3,
      "renorm": true
    },
    "memory_info": {
      "allocated_mb": 427.7294921875,
      "reserved_mb": 476.0,
      "max_allocated_mb": 432.97216796875
    }
  },
  {
    "forward_time_mean": 0.016972765605896712,
    "forward_time_std": 0.006226809001229653,
    "forward_time_min": 0.010947593953460455,
    "forward_time_max": 0.025480526965111494,
    "sparsify_time_mean": 0.00047266557812690734,
    "sparsify_time_std": 3.052181039050748e-05,
    "sparsify_time_min": 0.00043080607429146767,
    "sparsify_time_max": 0.0005087070167064667,
    "total_time_mean": 0.01744543118402362,
    "total_time_std": 0.006256208655053156,
    "total_time_min": 0.011378400027751923,
    "total_time_max": 0.02598923398181796,
    "mse_mean": 0.054493989795446396,
    "mse_std": 0.0,
    "mse_min": 0.054493989795446396,
    "mse_max": 0.054493989795446396,
    "mae_mean": 0.1519915610551834,
    "mae_std": 0.0,
    "mae_min": 0.1519915610551834,
    "mae_max": 0.1519915610551834,
    "cosine_dist_mean": 0.08872812986373901,
    "cosine_dist_std": 0.0,
    "cosine_dist_min": 0.08872812986373901,
    "cosine_dist_max": 0.08872812986373901,
    "sparsity_fraction_mean": 0.5,
    "sparsity_fraction_std": 0.0,
    "sparsity_fraction_min": 0.5,
    "sparsity_fraction_max": 0.5,
    "nonzero_elements_mean": 3840.0,
    "nonzero_elements_std": 0.0,
    "nonzero_elements_min": 3840,
    "nonzero_elements_max": 3840,
    "memory_savings_ratio_mean": -0.0014322916666666666,
    "memory_savings_ratio_std": 0.0,
    "memory_savings_ratio_min": -0.0014322916666666666,
    "memory_savings_ratio_max": -0.0014322916666666666,
    "compression_ratio_mean": 0.998569756858666,
    "compression_ratio_std": 0.0,
    "compression_ratio_min": 0.998569756858666,
    "compression_ratio_max": 0.998569756858666,
    "preset_name": "block",
    "description": "Block sparsity (50% sparse from demo)",
    "mode": "block",
    "config": {
      "block_size": 8,
      "keep_ratio": 0.5,
      "renorm": true
    },
    "memory_info": {
      "allocated_mb": 427.7294921875,
      "reserved_mb": 476.0,
      "max_allocated_mb": 432.97216796875
    }
  },
  {
    "forward_time_mean": 0.01317012719810009,
    "forward_time_std": 0.004359056197319988,
    "forward_time_min": 0.01033401908352971,
    "forward_time_max": 0.02182567398995161,
    "sparsify_time_mean": 0.00048567913472652435,
    "sparsify_time_std": 5.613041097909091e-05,
    "sparsify_time_min": 0.00040572136640548706,
    "sparsify_time_max": 0.0005812761373817921,
    "total_time_mean": 0.013655806332826615,
    "total_time_std": 0.004359611447236028,
    "total_time_min": 0.010805025231093168,
    "total_time_max": 0.022309239022433758,
    "mse_mean": 0.2417881339788437,
    "mse_std": 0.0,
    "mse_min": 0.2417881339788437,
    "mse_max": 0.2417881339788437,
    "mae_mean": 0.3400407135486603,
    "mae_std": 0.0,
    "mae_min": 0.3400407135486603,
    "mae_max": 0.3400407135486603,
    "cosine_dist_mean": 0.3936840891838074,
    "cosine_dist_std": 0.0,
    "cosine_dist_min": 0.3936840891838074,
    "cosine_dist_max": 0.3936840891838074,
    "sparsity_fraction_mean": 0.9791666666666666,
    "sparsity_fraction_std": 0.0,
    "sparsity_fraction_min": 0.9791666666666666,
    "sparsity_fraction_max": 0.9791666666666666,
    "nonzero_elements_mean": 160.0,
    "nonzero_elements_std": 0.0,
    "nonzero_elements_min": 160,
    "nonzero_elements_max": 160,
    "memory_savings_ratio_mean": 0.9569010416666666,
    "memory_savings_ratio_std": 1.1102230246251565e-16,
    "memory_savings_ratio_min": 0.9569010416666667,
    "memory_savings_ratio_max": 0.9569010416666667,
    "compression_ratio_mean": 23.202416918429,
    "compression_ratio_std": 0.0,
    "compression_ratio_min": 23.202416918429,
    "compression_ratio_max": 23.202416918429,
    "preset_name": "hybrid",
    "description": "Hybrid static+dynamic (75% sparse from demo)",
    "mode": "hybrid",
    "config": {
      "hybrid_static_keep_ratio": 0.5,
      "k": 16,
      "renorm": true
    },
    "memory_info": {
      "allocated_mb": 427.7294921875,
      "reserved_mb": 476.0,
      "max_allocated_mb": 432.97216796875
    }
  }
]